explain_mode,attn_heads,attn_layers,lin_dims,output_dim,latent_dim,kaiming_constant,dprob,tr_batch_size,val_batch_size,test_batch_size,optimizer,optimizer__global__weight_decay,optimizer__global__lr,prot,ecfp8,weave,gconv,gnn,score
False,1,1,"[1074, 2009]",1,512,5,0.1029528349798711,256,128,128,adam,0.00011932690520931326,0.0007211365011908775,"{'model_types': ['psc'], 'vocab_size': 9048, 'window': 11, 'psc_dim': 8421}",{'dim': 1024},{},{},"{'dim': 488, 'fingerprint_size': 2238, 'num_layers': 1}",0.3711793957131132
False,2,1,"[143, 919]",1,256,5,0.25374499347596485,256,128,128,adadelta,0.00015782127206586714,0.876189773764887,"{'model_types': ['psc'], 'vocab_size': 9048, 'window': 11, 'psc_dim': 8421}",{'dim': 1024},{},{},"{'dim': 510, 'fingerprint_size': 2238, 'num_layers': 1}",0.33408236627114696
False,8,1,[2005],1,512,5,0.4291322224140971,256,128,128,adam,0.00022413575380318646,0.0001593666001916008,"{'model_types': ['psc'], 'vocab_size': 9048, 'window': 11, 'psc_dim': 8421}",{'dim': 1024},{},{},"{'dim': 496, 'fingerprint_size': 2238, 'num_layers': 1}",0.3250737240550617
False,1,1,"[1598, 1147, 1439]",1,512,5,0.35456227066303847,256,128,128,adam,0.00021578935024031933,0.000793912752630888,"{'model_types': ['psc'], 'vocab_size': 9048, 'window': 11, 'psc_dim': 8421}",{'dim': 1024},{},{},"{'dim': 359, 'fingerprint_size': 2238, 'num_layers': 1}",0.31579534024567796
False,8,1,"[609, 1196]",1,256,5,0.15863475332401972,128,128,128,adagrad,0.00017989528186110478,0.008262497464682642,"{'model_types': ['psc'], 'vocab_size': 9048, 'window': 11, 'psc_dim': 8421}",{'dim': 1024},{},{},"{'dim': 355, 'fingerprint_size': 2238, 'num_layers': 1}",0.31551227594527265
False,2,1,[124],1,256,5,0.14935803936856537,128,128,128,adadelta,0.00041808238568799555,0.8326947727697321,"{'model_types': ['psc'], 'vocab_size': 9048, 'window': 11, 'psc_dim': 8421}",{'dim': 1024},{},{},"{'dim': 89, 'fingerprint_size': 2238, 'num_layers': 1}",0.2812867796261392
False,1,1,[107],1,256,5,0.18758647074706702,128,128,128,adadelta,0.00010280799705992798,0.6671028782596548,"{'model_types': ['psc'], 'vocab_size': 9048, 'window': 11, 'psc_dim': 8421}",{'dim': 1024},{},{},"{'dim': 65, 'fingerprint_size': 2238, 'num_layers': 1}",0.2786811352719652
False,4,1,"[1720, 990, 429]",1,256,5,0.4517336826358883,256,128,128,adadelta,0.0012722610796382632,0.7783039604495865,"{'model_types': ['psc'], 'vocab_size': 9048, 'window': 11, 'psc_dim': 8421}",{'dim': 1024},{},{},"{'dim': 477, 'fingerprint_size': 2238, 'num_layers': 4}",0.27652101105683446
False,1,1,"[1549, 89]",1,256,5,0.14532575367864747,256,128,128,adamax,0.4038426454719107,0.00020041386646266828,"{'model_types': ['psc'], 'vocab_size': 9048, 'window': 11, 'psc_dim': 8421}",{'dim': 1024},{},{},"{'dim': 137, 'fingerprint_size': 2238, 'num_layers': 4}",0.27350306256998846
False,2,1,"[1159, 938]",1,512,5,0.3592398659267797,128,128,128,adagrad,0.0003142982713149064,0.005348920437462195,"{'model_types': ['psc'], 'vocab_size': 9048, 'window': 11, 'psc_dim': 8421}",{'dim': 1024},{},{},"{'dim': 286, 'fingerprint_size': 2238, 'num_layers': 2}",0.24869256305930584
False,1,1,"[1837, 934]",1,256,5,0.4950285938264448,256,128,128,adam,0.00011993427250141003,0.0010169163306381801,"{'model_types': ['psc'], 'vocab_size': 9048, 'window': 11, 'psc_dim': 8421}",{'dim': 1024},{},{},"{'dim': 78, 'fingerprint_size': 2238, 'num_layers': 1}",0.24757884181858936
False,1,3,"[1825, 638, 1928]",1,512,5,0.1223879872320366,256,128,128,adam,0.00020721751673521087,0.0002440415259948087,"{'model_types': ['psc'], 'vocab_size': 9048, 'window': 11, 'psc_dim': 8421}",{'dim': 1024},{},{},"{'dim': 484, 'fingerprint_size': 2238, 'num_layers': 3}",0.2472479443902195
False,4,2,[525],1,256,5,0.25011459880023934,256,128,128,rmsprop,0.00025724881664495924,0.0005636938673644099,"{'model_types': ['psc'], 'vocab_size': 9048, 'window': 11, 'psc_dim': 8421}",{'dim': 1024},{},{},"{'dim': 250, 'fingerprint_size': 2238, 'num_layers': 3}",0.23928836554831157
False,1,2,"[1397, 881]",1,256,5,0.1568480541899828,256,128,128,adadelta,0.00013698885785105936,0.03134151212422868,"{'model_types': ['psc'], 'vocab_size': 9048, 'window': 11, 'psc_dim': 8421}",{'dim': 1024},{},{},"{'dim': 360, 'fingerprint_size': 2238, 'num_layers': 2}",0.22144680686459614
False,8,1,"[82, 1471]",1,512,5,0.2869570732588209,128,128,128,adamax,0.01604352387073786,0.00019068915055028382,"{'model_types': ['psc'], 'vocab_size': 9048, 'window': 11, 'psc_dim': 8421}",{'dim': 1024},{},{},"{'dim': 276, 'fingerprint_size': 2238, 'num_layers': 3}",0.22007264368687088
False,1,3,[1357],1,256,5,0.10195356456553469,256,128,128,adam,0.0005196720426678974,0.00015571082936966673,"{'model_types': ['psc'], 'vocab_size': 9048, 'window': 11, 'psc_dim': 8421}",{'dim': 1024},{},{},"{'dim': 86, 'fingerprint_size': 2238, 'num_layers': 4}",0.2011747647026775
False,1,2,"[204, 470]",1,512,5,0.3970493138737883,128,128,128,adadelta,0.01721840130869725,0.08054699803503781,"{'model_types': ['psc'], 'vocab_size': 9048, 'window': 11, 'psc_dim': 8421}",{'dim': 1024},{},{},"{'dim': 159, 'fingerprint_size': 2238, 'num_layers': 4}",0.18091032390062284
False,8,3,"[1769, 233]",1,512,5,0.11749071463602362,256,128,128,adamax,0.00014283139881711367,0.0005831055702076437,"{'model_types': ['psc'], 'vocab_size': 9048, 'window': 11, 'psc_dim': 8421}",{'dim': 1024},{},{},"{'dim': 380, 'fingerprint_size': 2238, 'num_layers': 2}",0.156345981753007
False,1,3,[180],1,512,5,0.1799883450944752,128,128,128,adam,0.0011050861155231233,0.00020518549307635376,"{'model_types': ['psc'], 'vocab_size': 9048, 'window': 11, 'psc_dim': 8421}",{'dim': 1024},{},{},"{'dim': 231, 'fingerprint_size': 2238, 'num_layers': 1}",0.08508756805629689
False,8,1,"[1566, 2019, 164]",1,512,5,0.2682159459447736,128,128,128,adam,0.18840681092629352,0.00010617115052107927,"{'model_types': ['psc'], 'vocab_size': 9048, 'window': 11, 'psc_dim': 8421}",{'dim': 1024},{},{},"{'dim': 101, 'fingerprint_size': 2238, 'num_layers': 4}",0.050926592977611776
False,1,1,"[272, 709]",1,512,5,0.26854410858088107,128,128,128,adadelta,0.0019598019233594893,0.0019168540339186354,"{'model_types': ['psc'], 'vocab_size': 9048, 'window': 11, 'psc_dim': 8421}",{'dim': 1024},{},{},"{'dim': 140, 'fingerprint_size': 2238, 'num_layers': 3}",0.0026120812527672364
False,8,3,[187],1,512,5,0.46245989862041104,128,128,128,adam,0.0006395311545909959,0.00029941899500327083,"{'model_types': ['psc'], 'vocab_size': 9048, 'window': 11, 'psc_dim': 8421}",{'dim': 1024},{},{},"{'dim': 110, 'fingerprint_size': 2238, 'num_layers': 1}",-0.012035312652276134
False,2,2,[1789],1,256,5,0.29996603477008776,128,128,128,adagrad,0.03718749249929942,0.00021265600912538922,"{'model_types': ['psc'], 'vocab_size': 9048, 'window': 11, 'psc_dim': 8421}",{'dim': 1024},{},{},"{'dim': 251, 'fingerprint_size': 2238, 'num_layers': 3}",-0.01914733561816257
False,8,3,"[87, 285]",1,256,5,0.484862364891239,256,128,128,adam,0.000286340880576923,0.00015261883121364355,"{'model_types': ['psc'], 'vocab_size': 9048, 'window': 11, 'psc_dim': 8421}",{'dim': 1024},{},{},"{'dim': 359, 'fingerprint_size': 2238, 'num_layers': 1}",-0.03361527942732192
False,2,2,"[1263, 590]",1,512,5,0.25974255967820703,128,128,128,rmsprop,0.004439993129381705,0.0006929572960497712,"{'model_types': ['psc'], 'vocab_size': 9048, 'window': 11, 'psc_dim': 8421}",{'dim': 1024},{},{},"{'dim': 479, 'fingerprint_size': 2238, 'num_layers': 2}",-0.04639007106455928
False,8,2,"[1898, 1639]",1,256,5,0.38968329593040263,128,128,128,rmsprop,0.01428040791615661,0.0005110841101927254,"{'model_types': ['psc'], 'vocab_size': 9048, 'window': 11, 'psc_dim': 8421}",{'dim': 1024},{},{},"{'dim': 428, 'fingerprint_size': 2238, 'num_layers': 1}",-0.06623565156750186
False,8,1,"[1904, 1990, 81]",1,512,5,0.36519126586796957,256,128,128,adam,0.13123773140654194,0.00036815457967907995,"{'model_types': ['psc'], 'vocab_size': 9048, 'window': 11, 'psc_dim': 8421}",{'dim': 1024},{},{},"{'dim': 457, 'fingerprint_size': 2238, 'num_layers': 2}",-0.0804617273920576
False,4,1,"[1806, 1431]",1,256,5,0.2427834787430152,128,128,128,sgd,0.0456541802264883,0.00023406395299584683,"{'model_types': ['psc'], 'vocab_size': 9048, 'window': 11, 'psc_dim': 8421}",{'dim': 1024},{},{},"{'dim': 498, 'fingerprint_size': 2238, 'num_layers': 4}",-0.08562634285989677
False,16,2,"[1778, 1893]",1,512,5,0.2817641320435612,128,128,128,adamax,0.04814626396941789,0.0023355337301616437,"{'model_types': ['psc'], 'vocab_size': 9048, 'window': 11, 'psc_dim': 8421}",{'dim': 1024},{},{},"{'dim': 127, 'fingerprint_size': 2238, 'num_layers': 3}",-0.0866639108644078
False,4,1,[120],1,256,5,0.25986883070936395,256,128,128,adadelta,0.5127660841303593,0.11664682089248117,"{'model_types': ['psc'], 'vocab_size': 9048, 'window': 11, 'psc_dim': 8421}",{'dim': 1024},{},{},"{'dim': 357, 'fingerprint_size': 2238, 'num_layers': 2}",-0.09051772612410403
False,8,3,"[269, 2037, 2034]",1,256,5,0.34677805039074083,128,128,128,adam,0.06715927855445009,0.00028040963372678103,"{'model_types': ['psc'], 'vocab_size': 9048, 'window': 11, 'psc_dim': 8421}",{'dim': 1024},{},{},"{'dim': 496, 'fingerprint_size': 2238, 'num_layers': 1}",-0.13222155994760032
False,2,2,"[454, 979]",1,512,5,0.3337747167574482,128,128,128,sgd,0.015603382075251132,0.00032071477642638986,"{'model_types': ['psc'], 'vocab_size': 9048, 'window': 11, 'psc_dim': 8421}",{'dim': 1024},{},{},"{'dim': 323, 'fingerprint_size': 2238, 'num_layers': 2}",-0.15767551836762156
False,16,2,[246],1,256,5,0.4251979881543896,128,128,128,adamax,0.028300386771202637,0.005100811831211928,"{'model_types': ['psc'], 'vocab_size': 9048, 'window': 11, 'psc_dim': 8421}",{'dim': 1024},{},{},"{'dim': 401, 'fingerprint_size': 2238, 'num_layers': 2}",-0.17730531846914527
False,1,2,[1072],1,512,5,0.1689113408919577,128,128,128,sgd,0.010945638802254014,0.000256177468757563,"{'model_types': ['psc'], 'vocab_size': 9048, 'window': 11, 'psc_dim': 8421}",{'dim': 1024},{},{},"{'dim': 193, 'fingerprint_size': 2238, 'num_layers': 2}",-0.19878884347890363
False,2,3,[2045],1,256,5,0.14663683322661047,256,128,128,adadelta,0.01884411281310001,0.5492603505546874,"{'model_types': ['psc'], 'vocab_size': 9048, 'window': 11, 'psc_dim': 8421}",{'dim': 1024},{},{},"{'dim': 90, 'fingerprint_size': 2238, 'num_layers': 4}",-0.20723050839509374
False,16,2,"[1280, 1247]",1,256,5,0.35723312964421783,256,128,128,adadelta,0.2063881157812086,0.18086294456650487,"{'model_types': ['psc'], 'vocab_size': 9048, 'window': 11, 'psc_dim': 8421}",{'dim': 1024},{},{},"{'dim': 280, 'fingerprint_size': 2238, 'num_layers': 2}",-0.20792949448218634
False,8,1,[178],1,256,5,0.2321788876861698,128,128,128,adadelta,0.24555111504753488,0.4588732302211073,"{'model_types': ['psc'], 'vocab_size': 9048, 'window': 11, 'psc_dim': 8421}",{'dim': 1024},{},{},"{'dim': 463, 'fingerprint_size': 2238, 'num_layers': 1}",-0.2282961507297901
False,1,3,[1934],1,256,5,0.11040470514432404,128,128,128,adadelta,0.00026706376973100127,0.0021953338204151857,"{'model_types': ['psc'], 'vocab_size': 9048, 'window': 11, 'psc_dim': 8421}",{'dim': 1024},{},{},"{'dim': 384, 'fingerprint_size': 2238, 'num_layers': 4}",-0.2315530881411826
False,4,2,[1067],1,256,5,0.33816386549463023,256,128,128,adagrad,0.026149604079815217,0.006229802437744206,"{'model_types': ['psc'], 'vocab_size': 9048, 'window': 11, 'psc_dim': 8421}",{'dim': 1024},{},{},"{'dim': 266, 'fingerprint_size': 2238, 'num_layers': 2}",-0.23191972803291555
False,4,3,"[1263, 501, 986]",1,512,5,0.16558636553328948,256,128,128,adam,0.036178704806682095,0.0031610264797897964,"{'model_types': ['psc'], 'vocab_size': 9048, 'window': 11, 'psc_dim': 8421}",{'dim': 1024},{},{},"{'dim': 131, 'fingerprint_size': 2238, 'num_layers': 2}",-0.24409203539682794
False,1,1,[100],1,512,5,0.4765599426811301,128,128,128,adam,0.7213347746677555,0.000905750956411006,"{'model_types': ['psc'], 'vocab_size': 9048, 'window': 11, 'psc_dim': 8421}",{'dim': 1024},{},{},"{'dim': 161, 'fingerprint_size': 2238, 'num_layers': 3}",-0.2478846398634939
False,2,2,"[372, 995]",1,256,5,0.13402562612446284,256,128,128,adagrad,0.06627263669671704,0.006163208874087597,"{'model_types': ['psc'], 'vocab_size': 9048, 'window': 11, 'psc_dim': 8421}",{'dim': 1024},{},{},"{'dim': 190, 'fingerprint_size': 2238, 'num_layers': 3}",-0.2652361768718058
False,4,2,[168],1,256,5,0.12387087033196478,256,128,128,adadelta,0.1777597592914031,0.9093836376704335,"{'model_types': ['psc'], 'vocab_size': 9048, 'window': 11, 'psc_dim': 8421}",{'dim': 1024},{},{},"{'dim': 81, 'fingerprint_size': 2238, 'num_layers': 4}",-0.2668936642904775
False,8,1,[362],1,256,5,0.4795969442382335,128,128,128,adam,0.9879951206270853,0.0010007983034096928,"{'model_types': ['psc'], 'vocab_size': 9048, 'window': 11, 'psc_dim': 8421}",{'dim': 1024},{},{},"{'dim': 450, 'fingerprint_size': 2238, 'num_layers': 1}",-0.2703119130383081
False,1,2,"[1800, 171]",1,256,5,0.370608044051694,128,128,128,adam,0.005766517537326306,0.013303285067609227,"{'model_types': ['psc'], 'vocab_size': 9048, 'window': 11, 'psc_dim': 8421}",{'dim': 1024},{},{},"{'dim': 487, 'fingerprint_size': 2238, 'num_layers': 3}",-0.28239783601711616
False,8,3,"[666, 105, 2024]",1,256,5,0.4287616969874707,256,128,128,adadelta,0.30868302542510545,0.013062947381876074,"{'model_types': ['psc'], 'vocab_size': 9048, 'window': 11, 'psc_dim': 8421}",{'dim': 1024},{},{},"{'dim': 104, 'fingerprint_size': 2238, 'num_layers': 1}",-0.2832820413904745
False,1,3,"[1753, 295]",1,512,5,0.49955651374269994,256,128,128,adadelta,0.46398293415484854,0.004897716177523532,"{'model_types': ['psc'], 'vocab_size': 9048, 'window': 11, 'psc_dim': 8421}",{'dim': 1024},{},{},"{'dim': 448, 'fingerprint_size': 2238, 'num_layers': 3}",-0.3194992836266334
False,1,2,[336],1,512,5,0.2643231402413187,256,128,128,rmsprop,0.36873061891093445,0.0006292053964986811,"{'model_types': ['psc'], 'vocab_size': 9048, 'window': 11, 'psc_dim': 8421}",{'dim': 1024},{},{},"{'dim': 227, 'fingerprint_size': 2238, 'num_layers': 3}",-0.32915650622206316
False,8,3,"[1694, 196, 1525]",1,512,5,0.10687445132638129,256,128,128,adam,0.8497672541814727,0.00018262908299007522,"{'model_types': ['psc'], 'vocab_size': 9048, 'window': 11, 'psc_dim': 8421}",{'dim': 1024},{},{},"{'dim': 396, 'fingerprint_size': 2238, 'num_layers': 4}",-0.34565878019846463
False,1,3,[87],1,512,5,0.1264958611530986,256,128,128,adam,0.26623973901256276,0.0049548313054407055,"{'model_types': ['psc'], 'vocab_size': 9048, 'window': 11, 'psc_dim': 8421}",{'dim': 1024},{},{},"{'dim': 486, 'fingerprint_size': 2238, 'num_layers': 1}",-0.3533953662941139
False,8,2,"[709, 1285, 1778]",1,512,5,0.47397469440332796,256,128,128,adagrad,0.6535496795691167,0.018297382290843222,"{'model_types': ['psc'], 'vocab_size': 9048, 'window': 11, 'psc_dim': 8421}",{'dim': 1024},{},{},"{'dim': 121, 'fingerprint_size': 2238, 'num_layers': 4}",-0.3668467459369716
False,8,3,[1239],1,256,5,0.3290359938431705,256,128,128,adadelta,0.7084412125093611,0.4417536240376429,"{'model_types': ['psc'], 'vocab_size': 9048, 'window': 11, 'psc_dim': 8421}",{'dim': 1024},{},{},"{'dim': 501, 'fingerprint_size': 2238, 'num_layers': 1}",-0.36985854363634213
False,4,1,[995],1,256,5,0.30991975074817824,128,128,128,rmsprop,0.4383222605120053,0.0015693523022319335,"{'model_types': ['psc'], 'vocab_size': 9048, 'window': 11, 'psc_dim': 8421}",{'dim': 1024},{},{},"{'dim': 326, 'fingerprint_size': 2238, 'num_layers': 3}",-0.3704160465418024
False,1,3,"[276, 1549, 319]",1,256,5,0.42203979447926254,256,128,128,adadelta,0.4565189682632828,0.7003140741687828,"{'model_types': ['psc'], 'vocab_size': 9048, 'window': 11, 'psc_dim': 8421}",{'dim': 1024},{},{},"{'dim': 377, 'fingerprint_size': 2238, 'num_layers': 3}",-0.3906377623682575
False,1,2,[1242],1,256,5,0.10882181909632399,128,128,128,adadelta,0.6357066752557862,0.8897265654909173,"{'model_types': ['psc'], 'vocab_size': 9048, 'window': 11, 'psc_dim': 8421}",{'dim': 1024},{},{},"{'dim': 87, 'fingerprint_size': 2238, 'num_layers': 1}",-0.3938800396231009
False,8,3,"[1047, 297]",1,256,5,0.1427272314729144,128,128,128,adam,0.523992213283413,0.007672756075555716,"{'model_types': ['psc'], 'vocab_size': 9048, 'window': 11, 'psc_dim': 8421}",{'dim': 1024},{},{},"{'dim': 274, 'fingerprint_size': 2238, 'num_layers': 3}",-0.3996216172177445
False,8,1,"[1895, 1884, 1941]",1,256,5,0.11293674908579573,256,128,128,adam,0.7506948941024502,0.010460953298945698,"{'model_types': ['psc'], 'vocab_size': 9048, 'window': 11, 'psc_dim': 8421}",{'dim': 1024},{},{},"{'dim': 499, 'fingerprint_size': 2238, 'num_layers': 1}",-0.4223563606257682
False,8,1,"[1208, 1049, 583]",1,256,5,0.2602955098053626,128,128,128,adadelta,0.05342807804690687,0.00039102160839996964,"{'model_types': ['psc'], 'vocab_size': 9048, 'window': 11, 'psc_dim': 8421}",{'dim': 1024},{},{},"{'dim': 115, 'fingerprint_size': 2238, 'num_layers': 4}",-0.4278613259210619
False,1,3,"[1799, 1732, 85]",1,512,5,0.18951215619484854,128,128,128,adam,0.0006023736257845901,0.17936440236256931,"{'model_types': ['psc'], 'vocab_size': 9048, 'window': 11, 'psc_dim': 8421}",{'dim': 1024},{},{},"{'dim': 446, 'fingerprint_size': 2238, 'num_layers': 4}",-0.4357484391413352
False,4,3,[565],1,256,5,0.44120983799444247,256,128,128,adadelta,0.0005304096552812056,0.0009079719727643877,"{'model_types': ['psc'], 'vocab_size': 9048, 'window': 11, 'psc_dim': 8421}",{'dim': 1024},{},{},"{'dim': 427, 'fingerprint_size': 2238, 'num_layers': 1}",-0.44775190966512957
False,8,1,"[513, 1195, 582]",1,256,5,0.24968280550292885,128,128,128,adam,0.23592088029765518,0.2414450618514913,"{'model_types': ['psc'], 'vocab_size': 9048, 'window': 11, 'psc_dim': 8421}",{'dim': 1024},{},{},"{'dim': 388, 'fingerprint_size': 2238, 'num_layers': 2}",-0.45700915737356845
False,1,3,"[1759, 1521, 322]",1,256,5,0.165481970382308,128,128,128,adam,0.00013089658527915744,0.43027711619568837,"{'model_types': ['psc'], 'vocab_size': 9048, 'window': 11, 'psc_dim': 8421}",{'dim': 1024},{},{},"{'dim': 97, 'fingerprint_size': 2238, 'num_layers': 4}",-0.45810293326175683
False,4,1,[142],1,256,5,0.4992215496127843,128,128,128,adadelta,0.00010413121292380631,0.00043999517034995885,"{'model_types': ['psc'], 'vocab_size': 9048, 'window': 11, 'psc_dim': 8421}",{'dim': 1024},{},{},"{'dim': 228, 'fingerprint_size': 2238, 'num_layers': 4}",-0.46715619790571505
False,1,1,[295],1,256,5,0.27716692012805344,256,128,128,adam,0.9924351475466099,0.9073272881332047,"{'model_types': ['psc'], 'vocab_size': 9048, 'window': 11, 'psc_dim': 8421}",{'dim': 1024},{},{},"{'dim': 75, 'fingerprint_size': 2238, 'num_layers': 4}",-0.4752916140446725
False,4,1,"[1594, 1312, 1699]",1,256,5,0.310866254708391,256,128,128,rmsprop,0.00013699467336479443,0.005527124691066265,"{'model_types': ['psc'], 'vocab_size': 9048, 'window': 11, 'psc_dim': 8421}",{'dim': 1024},{},{},"{'dim': 179, 'fingerprint_size': 2238, 'num_layers': 2}",-0.483235938862408
False,8,3,"[116, 493]",1,256,5,0.49596259384706864,256,128,128,adam,0.4695414919828314,0.7703483063779676,"{'model_types': ['psc'], 'vocab_size': 9048, 'window': 11, 'psc_dim': 8421}",{'dim': 1024},{},{},"{'dim': 171, 'fingerprint_size': 2238, 'num_layers': 1}",-0.49741407542479915
False,4,1,"[1853, 1575, 2000]",1,256,5,0.23835753427462056,128,128,128,adadelta,0.00038687307320012547,0.00010019971963859803,"{'model_types': ['psc'], 'vocab_size': 9048, 'window': 11, 'psc_dim': 8421}",{'dim': 1024},{},{},"{'dim': 407, 'fingerprint_size': 2238, 'num_layers': 4}",-0.499502966800918
False,8,2,"[2039, 946, 1593]",1,256,5,0.23677236174805083,128,128,128,adadelta,0.00034510453587054655,0.0003686061497840078,"{'model_types': ['psc'], 'vocab_size': 9048, 'window': 11, 'psc_dim': 8421}",{'dim': 1024},{},{},"{'dim': 89, 'fingerprint_size': 2238, 'num_layers': 3}",-0.5020859156243173
False,2,2,"[1354, 508, 2009]",1,256,5,0.27684802116756746,128,128,128,adadelta,0.0014368538685683276,0.00037045272712990214,"{'model_types': ['psc'], 'vocab_size': 9048, 'window': 11, 'psc_dim': 8421}",{'dim': 1024},{},{},"{'dim': 230, 'fingerprint_size': 2238, 'num_layers': 2}",-0.5110554390375468
False,8,1,"[340, 119, 305]",1,512,5,0.47546386577455413,128,128,128,adam,0.10006416962103223,0.44894184158218164,"{'model_types': ['psc'], 'vocab_size': 9048, 'window': 11, 'psc_dim': 8421}",{'dim': 1024},{},{},"{'dim': 108, 'fingerprint_size': 2238, 'num_layers': 4}",-0.5293744086260735
False,8,2,"[1498, 2010, 169]",1,256,5,0.4104761796758102,128,128,128,adadelta,0.0013300452030938895,0.0003473882235829768,"{'model_types': ['psc'], 'vocab_size': 9048, 'window': 11, 'psc_dim': 8421}",{'dim': 1024},{},{},"{'dim': 189, 'fingerprint_size': 2238, 'num_layers': 4}",-0.5391243641131392
False,1,3,[224],1,256,5,0.14116453621276673,256,128,128,adam,0.0010361181432590736,0.16295742745714997,"{'model_types': ['psc'], 'vocab_size': 9048, 'window': 11, 'psc_dim': 8421}",{'dim': 1024},{},{},"{'dim': 82, 'fingerprint_size': 2238, 'num_layers': 3}",-0.5434488363158145
False,16,2,"[2012, 153]",1,512,5,0.10872335482732653,256,128,128,adam,0.00015119294299187358,0.30507709767080876,"{'model_types': ['psc'], 'vocab_size': 9048, 'window': 11, 'psc_dim': 8421}",{'dim': 1024},{},{},"{'dim': 392, 'fingerprint_size': 2238, 'num_layers': 3}",-0.5485279397878905
False,8,2,[374],1,256,5,0.49287705533960524,256,128,128,adam,0.00020092113320978908,0.1401738967406859,"{'model_types': ['psc'], 'vocab_size': 9048, 'window': 11, 'psc_dim': 8421}",{'dim': 1024},{},{},"{'dim': 471, 'fingerprint_size': 2238, 'num_layers': 1}",-0.5486486938664225
False,1,3,"[1993, 2033, 384]",1,256,5,0.4593523414761195,256,128,128,adadelta,0.8203691143602,0.0008893373049429083,"{'model_types': ['psc'], 'vocab_size': 9048, 'window': 11, 'psc_dim': 8421}",{'dim': 1024},{},{},"{'dim': 401, 'fingerprint_size': 2238, 'num_layers': 1}",-0.551159589518578
False,8,3,"[1558, 192, 286]",1,256,5,0.3169799935228046,128,128,128,adadelta,0.00256243065688984,0.00034879187767433126,"{'model_types': ['psc'], 'vocab_size': 9048, 'window': 11, 'psc_dim': 8421}",{'dim': 1024},{},{},"{'dim': 72, 'fingerprint_size': 2238, 'num_layers': 3}",-0.5534371722726156
False,4,3,[131],1,256,5,0.48145413814537996,128,128,128,adadelta,0.30035145094513654,0.00022800045490733794,"{'model_types': ['psc'], 'vocab_size': 9048, 'window': 11, 'psc_dim': 8421}",{'dim': 1024},{},{},"{'dim': 495, 'fingerprint_size': 2238, 'num_layers': 4}",-0.5575907443646854
False,2,3,"[87, 1052, 210]",1,512,5,0.12562693193528693,128,128,128,rmsprop,0.0033053172266025617,0.11263679742423215,"{'model_types': ['psc'], 'vocab_size': 9048, 'window': 11, 'psc_dim': 8421}",{'dim': 1024},{},{},"{'dim': 410, 'fingerprint_size': 2238, 'num_layers': 2}",-0.5585251589717145
False,2,1,"[1758, 1758]",1,256,5,0.30102091116941293,256,128,128,adadelta,0.6966135521924425,0.00013184791674647302,"{'model_types': ['psc'], 'vocab_size': 9048, 'window': 11, 'psc_dim': 8421}",{'dim': 1024},{},{},"{'dim': 443, 'fingerprint_size': 2238, 'num_layers': 1}",-0.5720112457230216
False,1,1,"[1811, 782, 1363]",1,256,5,0.17469395934612458,256,128,128,adadelta,0.4093431260603898,0.00023934750924890083,"{'model_types': ['psc'], 'vocab_size': 9048, 'window': 11, 'psc_dim': 8421}",{'dim': 1024},{},{},"{'dim': 351, 'fingerprint_size': 2238, 'num_layers': 4}",-0.5721940541617974
False,1,1,[273],1,512,5,0.2209191618673404,128,128,128,adam,0.00013439095239305314,0.7935379457513994,"{'model_types': ['psc'], 'vocab_size': 9048, 'window': 11, 'psc_dim': 8421}",{'dim': 1024},{},{},"{'dim': 168, 'fingerprint_size': 2238, 'num_layers': 1}",-0.5780955315863081
False,1,1,[1826],1,256,5,0.11981872170041066,128,128,128,adam,0.00014484265296649124,0.2423230125187221,"{'model_types': ['psc'], 'vocab_size': 9048, 'window': 11, 'psc_dim': 8421}",{'dim': 1024},{},{},"{'dim': 168, 'fingerprint_size': 2238, 'num_layers': 4}",-0.589229373271818
False,2,3,[1911],1,256,5,0.423256551569299,256,128,128,adadelta,0.9659529157315839,0.00018354887598413984,"{'model_types': ['psc'], 'vocab_size': 9048, 'window': 11, 'psc_dim': 8421}",{'dim': 1024},{},{},"{'dim': 64, 'fingerprint_size': 2238, 'num_layers': 2}",-0.5975694354829463
False,1,3,[1972],1,512,5,0.495720414198763,128,128,128,adam,0.0009650606935420527,0.01769945003647661,"{'model_types': ['psc'], 'vocab_size': 9048, 'window': 11, 'psc_dim': 8421}",{'dim': 1024},{},{},"{'dim': 68, 'fingerprint_size': 2238, 'num_layers': 1}",-0.5986698608647015
False,8,3,[2033],1,256,5,0.3915627274746981,256,128,128,adam,0.0004933407215752487,0.07018560870070487,"{'model_types': ['psc'], 'vocab_size': 9048, 'window': 11, 'psc_dim': 8421}",{'dim': 1024},{},{},"{'dim': 467, 'fingerprint_size': 2238, 'num_layers': 4}",-0.5994300700310695
False,4,3,"[919, 1927]",1,512,5,0.42110300157494607,128,128,128,adagrad,0.2884569504832394,0.20729442842862017,"{'model_types': ['psc'], 'vocab_size': 9048, 'window': 11, 'psc_dim': 8421}",{'dim': 1024},{},{},"{'dim': 436, 'fingerprint_size': 2238, 'num_layers': 2}",-0.6109681773632635
False,16,3,"[1354, 667, 1714]",1,512,5,0.4594670475592315,128,128,128,adamax,0.00052275422698798,0.3969400567840394,"{'model_types': ['psc'], 'vocab_size': 9048, 'window': 11, 'psc_dim': 8421}",{'dim': 1024},{},{},"{'dim': 94, 'fingerprint_size': 2238, 'num_layers': 2}",-0.6365413999526591
False,1,3,"[382, 1866, 97]",1,256,5,0.10297778928231344,128,128,128,adadelta,0.36286152923633674,0.00010673341173250307,"{'model_types': ['psc'], 'vocab_size': 9048, 'window': 11, 'psc_dim': 8421}",{'dim': 1024},{},{},"{'dim': 132, 'fingerprint_size': 2238, 'num_layers': 4}",-0.6428228249546342
False,8,1,"[216, 1959]",1,256,5,0.42016268000385293,128,128,128,adamax,0.0001894634068898499,0.3890522402294227,"{'model_types': ['psc'], 'vocab_size': 9048, 'window': 11, 'psc_dim': 8421}",{'dim': 1024},{},{},"{'dim': 414, 'fingerprint_size': 2238, 'num_layers': 2}",-0.6489758843182772
False,16,3,[2046],1,256,5,0.36789841472139206,256,128,128,rmsprop,0.0017909937393907646,0.012536971491294213,"{'model_types': ['psc'], 'vocab_size': 9048, 'window': 11, 'psc_dim': 8421}",{'dim': 1024},{},{},"{'dim': 263, 'fingerprint_size': 2238, 'num_layers': 2}",-0.6591185149651579
False,1,1,[2026],1,256,5,0.170292681935228,128,128,128,adam,0.5917414958263322,0.8865201447596148,"{'model_types': ['psc'], 'vocab_size': 9048, 'window': 11, 'psc_dim': 8421}",{'dim': 1024},{},{},"{'dim': 151, 'fingerprint_size': 2238, 'num_layers': 4}",-0.6624101099784744
False,1,1,"[655, 1949, 733]",1,256,5,0.464765772927208,256,128,128,adamax,0.060418139856821415,0.5400762106429944,"{'model_types': ['psc'], 'vocab_size': 9048, 'window': 11, 'psc_dim': 8421}",{'dim': 1024},{},{},"{'dim': 237, 'fingerprint_size': 2238, 'num_layers': 1}",-0.7431835685019778
False,2,3,[759],1,512,5,0.19111775022006688,256,128,128,adamax,0.016024535778301152,0.7518891665516556,"{'model_types': ['psc'], 'vocab_size': 9048, 'window': 11, 'psc_dim': 8421}",{'dim': 1024},{},{},"{'dim': 494, 'fingerprint_size': 2238, 'num_layers': 4}",-1.0106759428908731
False,8,3,"[293, 1893, 1780]",1,512,5,0.12889013337737382,256,128,128,adam,0.2863990501576122,0.9190989293303499,"{'model_types': ['psc'], 'vocab_size': 9048, 'window': 11, 'psc_dim': 8421}",{'dim': 1024},{},{},"{'dim': 127, 'fingerprint_size': 2238, 'num_layers': 3}",-1.111450877032263
False,1,1,"[1684, 902]",1,512,5,0.26077004528842773,256,128,128,rmsprop,0.0003855659884711411,0.06398993314856623,"{'model_types': ['psc'], 'vocab_size': 9048, 'window': 11, 'psc_dim': 8421}",{'dim': 1024},{},{},"{'dim': 244, 'fingerprint_size': 2238, 'num_layers': 3}",-1.3153698200779365
False,4,2,"[1135, 757]",1,256,5,0.4793122409170719,256,128,128,sgd,0.0026318891640609967,0.03426076748335802,"{'model_types': ['psc'], 'vocab_size': 9048, 'window': 11, 'psc_dim': 8421}",{'dim': 1024},{},{},"{'dim': 150, 'fingerprint_size': 2238, 'num_layers': 3}",-2000.4352331771836
False,1,2,[870],1,512,5,0.19148032505907273,128,128,128,sgd,0.00020995461738782125,0.028400266313938598,"{'model_types': ['psc'], 'vocab_size': 9048, 'window': 11, 'psc_dim': 8421}",{'dim': 1024},{},{},"{'dim': 353, 'fingerprint_size': 2238, 'num_layers': 2}",-8006.4428624070615
False,8,2,[1466],1,512,5,0.4987094311738538,256,128,128,sgd,0.7963711654477574,0.22090189785743397,"{'model_types': ['psc'], 'vocab_size': 9048, 'window': 11, 'psc_dim': 8421}",{'dim': 1024},{},{},"{'dim': 171, 'fingerprint_size': 2238, 'num_layers': 4}",-10000.0
False,4,2,"[1527, 970]",1,512,5,0.27611679735443684,128,128,128,sgd,0.0012153395940660838,0.13580965374176937,"{'model_types': ['psc'], 'vocab_size': 9048, 'window': 11, 'psc_dim': 8421}",{'dim': 1024},{},{},"{'dim': 486, 'fingerprint_size': 2238, 'num_layers': 1}",-10000.0
False,4,2,"[813, 1132, 1358]",1,256,5,0.32840342447403703,256,128,128,sgd,0.05765252742075124,0.03899398309694271,"{'model_types': ['psc'], 'vocab_size': 9048, 'window': 11, 'psc_dim': 8421}",{'dim': 1024},{},{},"{'dim': 223, 'fingerprint_size': 2238, 'num_layers': 3}",-10000.0
False,8,3,"[522, 1122]",1,256,5,0.31624020352945764,256,128,128,sgd,0.00036296477256797554,0.14777955116344627,"{'model_types': ['psc'], 'vocab_size': 9048, 'window': 11, 'psc_dim': 8421}",{'dim': 1024},{},{},"{'dim': 77, 'fingerprint_size': 2238, 'num_layers': 4}",-10000.0
